Series Name,Series Code,Country Name,Country Code,2000 [YR2000],2001 [YR2001],2002 [YR2002],2003 [YR2003],2004 [YR2004],2005 [YR2005],2006 [YR2006],2007 [YR2007],2008 [YR2008],2009 [YR2009],2010 [YR2010],2011 [YR2011],2012 [YR2012],2013 [YR2013],2014 [YR2014],2015 [YR2015],2016 [YR2016],2017 [YR2017]
Forest area (% of land area),AG.LND.FRST.ZS,Afghanistan,AFG,2.067824648,2.067824648,2.067824648,2.067824648,2.067824648,2.067824648,2.067824648,2.067824648,2.067824648,2.067824648,2.067824648,2.067824648,2.067824648,2.067824648,2.067824648,2.067824648,..,..
Forest area (% of land area),AG.LND.FRST.ZS,Albania,ALB,28.07664234,28.17226277,28.26788321,28.36350365,28.45912409,28.55474453,28.51021898,28.46569343,28.42116788,28.37664234,28.33211679,28.29708029,28.2620438,28.2270073,28.1919708,28.15693431,..,..
Forest area (% of land area),AG.LND.FRST.ZS,Algeria,DZA,0.662960693,0.659349887,0.655739082,0.652128276,0.64851747,0.644906665,0.676984054,0.709061442,0.741138831,0.77321622,0.805293609,0.808484553,0.811675498,0.814866442,0.818057043,0.821247986,..,..
Forest area (% of land area),AG.LND.FRST.ZS,American Samoa,ASM,90.25,90.1,89.9,89.75,89.55,89.4,89.25,89.05,88.9,88.75,88.55,88.4,88.2,88.05,87.9,87.7,..,..
Forest area (% of land area),AG.LND.FRST.ZS,Andorra,AND,34.04255319,34.04255319,34.04255319,34.04255319,34.04255319,34.04255319,34.04255319,34.04255319,34.04255319,34.04255319,34.04255319,34.04255319,34.04255319,34.04255319,34.04255319,34.04255319,..,..
Forest area (% of land area),AG.LND.FRST.ZS,Angola,AGO,47.90887944,47.80877517,47.70867089,47.60856662,47.50846234,47.40835807,47.30825379,47.20814951,47.10804524,47.00794096,46.90783669,46.80773241,46.70762814,46.60752386,46.50741959,46.40731531,..,..
Forest area (% of land area),AG.LND.FRST.ZS,Antigua and Barbuda,ATG,22.72727273,22.63636364,22.54545455,22.45454545,22.36363636,22.27272727,22.27272727,22.27272727,22.27272727,22.27272727,22.27272727,22.27272727,22.27272727,22.27272727,22.27272727,22.27272727,..,..
Forest area (% of land area),AG.LND.FRST.ZS,Argentina,ARG,11.64180086,11.51946329,11.39712572,11.27478816,11.15245059,11.03011302,10.91391425,10.79771549,10.68151672,10.56531796,10.44911919,10.34066701,10.23221483,10.12376265,10.01531047,9.906858285,..,..
Forest area (% of land area),AG.LND.FRST.ZS,Armenia,ARM,11.69652266,11.68949772,11.68247278,11.67544784,11.6684229,11.66139796,11.65437302,11.64734809,11.64032315,11.63329821,11.62627327,11.63329821,11.64032315,11.64734809,11.65437302,11.66139796,..,..
Forest area (% of land area),AG.LND.FRST.ZS,Aruba,ABW,2.333333333,2.333333333,2.333333333,2.333333333,2.333333333,2.333333333,2.333333333,2.333333333,2.333333333,2.333333333,2.333333333,2.333333333,2.333333333,2.333333333,2.333333333,2.333333333,..,..
Forest area (% of land area),AG.LND.FRST.ZS,Australia,AUS,16.77114927,16.73990862,16.70866798,16.67742733,16.64618669,16.61494604,16.499616,16.38428596,16.26895591,16.15362587,16.03829582,16.07838798,16.11848014,16.1585723,16.19866446,16.23875662,..,..
Forest area (% of land area),AG.LND.FRST.ZS,Austria,AUT,46.47614434,46.50762897,46.53911359,46.57059821,46.60208283,46.63356745,46.6553645,46.67829204,46.70008961,46.72188719,46.74764748,46.77511174,46.80088185,46.83573445,46.86208693,46.88389903,..,..
Forest area (% of land area),AG.LND.FRST.ZS,Azerbaijan,AZE,10.55384057,10.56704276,10.57832434,10.58703964,10.59754209,10.61214614,10.93239106,11.25077152,11.56837353,11.8864225,12.19875145,12.51566697,12.83287764,13.14992923,13.4664844,13.78367589,..,..
Forest area (% of land area),AG.LND.FRST.ZS,"Bahamas, The",BHS,51.44855145,51.44855145,51.44855145,51.44855145,51.44855145,51.44855145,51.44855145,51.44855145,51.44855145,51.44855145,51.44855145,51.44855145,51.44855145,51.44855145,51.44855145,51.44855145,..,..
Forest area (% of land area),AG.LND.FRST.ZS,Bahrain,BHR,0.521126761,0.549295775,0.563380282,0.583333333,0.589041096,0.608108108,0.621621622,0.64,0.644736842,0.671052632,0.695538058,0.704041721,0.727272727,0.74025974,0.765239948,0.778210117,..,..
Forest area (% of land area),AG.LND.FRST.ZS,Bangladesh,BGD,11.27756011,11.25758623,11.23761235,11.21763847,11.19766459,11.17769071,11.15771683,11.13774295,11.11776907,11.09779519,11.07782131,11.05784743,11.03787355,11.01789967,10.99792579,10.97795191,..,..
Forest area (% of land area),AG.LND.FRST.ZS,Barbados,BRB,14.65116279,14.65116279,14.65116279,14.65116279,14.65116279,14.65116279,14.65116279,14.65116279,14.65116279,14.65116279,14.65116279,14.65116279,14.65116279,14.65116279,14.65116279,14.65116279,..,..
Forest area (% of land area),AG.LND.FRST.ZS,Belarus,BLR,40.78584106,40.94655886,41.10930336,41.27002909,41.43484049,41.59148055,41.6737309,41.77033021,41.86692952,41.98008086,42.06012814,42.15612833,42.25420137,42.35227441,42.45034744,42.54842048,..,..
Forest area (% of land area),AG.LND.FRST.ZS,Belgium,BEL,22.03764861,22.08322325,22.12879789,22.17437252,22.21994716,22.2655218,22.31175694,22.35799207,22.40422721,22.45046235,22.49669749,22.51122853,22.52575958,22.54029062,22.55482166,22.56935271,..,..
Forest area (% of land area),AG.LND.FRST.ZS,Belize,BLZ,63.97632617,63.60149057,63.22621657,62.85138097,62.47610697,62.10127137,61.88075406,61.66023674,61.44015783,61.21964051,60.99912319,60.77904428,60.55896537,60.33932486,60.11924594,59.89916703,..,..
Forest area (% of land area),AG.LND.FRST.ZS,Benin,BEN,44.88293721,44.43951756,43.99609791,43.55267825,43.1092586,42.66583895,42.2224193,41.77899965,41.33557999,40.89216034,40.44874069,40.00532104,39.56190138,39.11848173,38.67506208,38.23164243,..,..
Forest area (% of land area),AG.LND.FRST.ZS,Bermuda,BMU,20,20,20,20,20,20,20,20,20,20,20,20,20,20,20,20,..,..
Forest area (% of land area),AG.LND.FRST.ZS,Bhutan,BTN,65.47738693,65.72688442,65.97638191,66.2258794,69.41049925,69.67101293,69.93152662,70.19177795,70.45229163,70.71280531,70.97331899,71.23383267,71.49434635,71.75486004,72.01537372,72.27562505,..,..
Forest area (% of land area),AG.LND.FRST.ZS,Bolivia,BOL,55.47032216,55.21979138,54.96926059,54.71872981,54.46819902,54.21766824,53.75150005,53.28533186,52.81916367,52.35299548,51.88682729,51.62004985,51.35327241,51.08649497,50.81971753,50.55294009,..,..
Forest area (% of land area),AG.LND.FRST.ZS,Bosnia and Herzegovina,BIH,42.67578125,42.67578125,42.67578125,42.67578125,42.67578125,42.67578125,42.67578125,42.67578125,42.67578125,42.67578125,42.67578125,42.67578125,42.67578125,42.67578125,42.67578125,42.67578125,..,..
Forest area (% of land area),AG.LND.FRST.ZS,Botswana,BWA,22.11811621,21.90919838,21.70028056,21.49136273,21.2824449,21.07352708,20.86460925,20.65569142,20.4467736,20.23785577,20.02893794,19.84860516,19.66827237,19.48793958,19.3076068,19.12727401,..,..
Forest area (% of land area),AG.LND.FRST.ZS,Brazil,BRA,62.36722524,62.01930094,61.67137665,61.32345235,60.97552805,60.62760375,60.42956926,60.23153477,60.03350028,59.83546579,59.63743129,59.51970175,59.40197221,59.28424267,59.16651312,59.04878358,..,..
Forest area (% of land area),AG.LND.FRST.ZS,British Virgin Islands,VGB,24.46666667,24.46666667,24.46666667,24.4,24.4,24.4,24.4,24.33333333,24.33333333,24.26666667,24.26666667,24.26666667,24.2,24.2,24.13333333,24.13333333,..,..
Forest area (% of land area),AG.LND.FRST.ZS,Brunei Darussalam,BRN,75.33206831,75.028463,74.72485769,74.42125237,74.11764706,73.81404175,73.47248577,73.13092979,72.78937381,72.44781784,72.10626186,72.10626186,72.10626186,72.10626186,72.10626186,72.10626186,..,..
Forest area (% of land area),AG.LND.FRST.ZS,Bulgaria,BGR,30.50709572,31.00605622,32.03492647,32.55125494,33.06178742,33.60640648,33.76783577,33.93241875,34.09078354,34.26492262,34.42336035,34.58179808,34.74023581,34.89867354,35.05711127,35.21554901,..,..
Forest area (% of land area),AG.LND.FRST.ZS,Burkina Faso,BFA,22.83625731,22.61769006,22.39912281,22.18055556,21.9619883,21.74342105,21.52412281,21.30482456,21.08552632,20.86622807,20.64692982,20.42836257,20.20979532,19.99122807,19.77266082,19.55409357,..,..
Forest area (% of land area),AG.LND.FRST.ZS,Burundi,BDI,7.710280374,7.57788162,7.445482866,7.313084112,7.180685358,7.048286604,7.609034268,8.169781931,8.730529595,9.291277259,9.852024922,10.03115265,10.21028037,10.3894081,10.56853583,10.74766355,..,..
Forest area (% of land area),AG.LND.FRST.ZS,Cabo Verde,CPV,20.36972705,20.44416873,20.51861042,20.59305211,20.6674938,20.74193548,20.81637717,20.89081886,20.96526055,21.03970223,21.11414392,21.35235732,21.59305211,21.83126551,22.06947891,22.30769231,..,..
Forest area (% of land area),AG.LND.FRST.ZS,Cambodia,KHM,65.40901881,64.4856107,63.56220258,62.63879447,61.71538636,60.79197825,60.070247,59.34851575,58.6267845,57.90505325,57.183322,56.46159075,55.73985951,55.01812826,54.29639701,53.57466576,..,..
Forest area (% of land area),AG.LND.FRST.ZS,Cameroon,CMR,46.78555563,46.32015401,45.85475239,45.38935076,44.92394914,44.45854752,43.9931459,43.52774428,43.06234266,42.59694104,42.13153942,41.6661378,41.20073618,40.73533456,40.26993294,39.80453132,..,..
Forest area (% of land area),AG.LND.FRST.ZS,Canada,CAN,38.24727745,38.24230688,38.2373363,38.23236572,38.22739514,38.22242456,38.21639829,38.21037201,38.20434574,38.19831946,38.19229318,38.18716865,38.18204412,38.17691958,38.17179505,38.16667052,..,..
Forest area (% of land area),AG.LND.FRST.ZS,Cayman Islands,CYM,52.91666667,52.91666667,52.91666667,52.91666667,52.91666667,52.91666667,52.91666667,52.91666667,52.91666667,52.91666667,52.91666667,52.91666667,52.91666667,52.91666667,52.91666667,52.91666667,..,..
Forest area (% of land area),AG.LND.FRST.ZS,Central African Republic,CAF,35.96263122,35.93759029,35.91254936,35.88750843,35.86246749,35.83742656,35.81238563,35.7873447,35.76230377,35.73726283,35.7122219,35.68718097,35.66214004,35.6370991,35.61205817,35.58701724,..,..
Forest area (% of land area),AG.LND.FRST.ZS,Chad,TCD,5.023824651,4.994440915,4.965057179,4.935673443,4.906289708,4.876905972,4.776365947,4.675825921,4.575285896,4.47474587,4.374205845,4.27366582,4.173125794,4.072585769,3.972045743,3.871505718,..,..
Forest area (% of land area),AG.LND.FRST.ZS,Channel Islands,CHI,4.210526316,4.210526316,4.210526316,4.210526316,4.210526316,4.210526316,4.210526316,4.210526316,4.210526316,4.210526316,4.210526316,4.210526316,4.210526316,4.210526316,4.210526316,4.210526316,..,..
Forest area (% of land area),AG.LND.FRST.ZS,Chile,CHL,21.29565372,21.35160289,21.40755206,21.46350123,21.51945041,21.57539958,21.62623801,21.67707644,21.72791487,21.7787533,21.82959173,22.23414729,22.63870284,23.04325839,23.44781395,23.8523695,..,..
Forest area (% of land area),AG.LND.FRST.ZS,China,CHN,18.85346743,19.19525654,19.53703608,19.87881463,20.22059258,20.56237163,20.72356189,20.88475261,21.045942,21.20713094,21.36832033,21.53259018,21.69686003,21.86112988,22.02539973,22.18966958,..,..
Forest area (% of land area),AG.LND.FRST.ZS,Colombia,COL,55.69936007,55.41146462,55.12357819,54.83568274,54.5477963,54.25990086,53.97760252,53.69530419,53.41301487,53.13071654,52.84841821,52.82433529,52.80026138,52.77617846,52.75210455,52.72802163,..,..
Forest area (% of land area),AG.LND.FRST.ZS,Comoros,COM,24.18054809,23.85814078,23.53573348,23.21332617,22.89091886,22.56851155,22.24610425,21.92369694,21.60128963,21.27888232,20.95647501,20.74153681,20.5265986,20.3116604,20.09672219,19.88178399,..,..
Forest area (% of land area),AG.LND.FRST.ZS,"Congo, Dem. Rep.",COD,69.36282835,69.22546922,69.0881101,68.95075098,68.81339185,68.67603273,68.53867361,68.40131448,68.26395536,68.12659624,67.98923711,67.85187799,67.71451887,67.57715975,67.43980062,67.3024415,..,..
Forest area (% of land area),AG.LND.FRST.ZS,"Congo, Rep.",COG,66.04978038,66,65.95021962,65.90043924,65.85065886,65.80087848,65.76573939,65.73060029,65.6954612,65.66032211,65.62518302,65.58008785,65.53499268,65.48989751,65.44480234,65.39970717,..,..
Forest area (% of land area),AG.LND.FRST.ZS,Costa Rica,CRI,46.53349001,46.98394046,47.43439091,47.88484136,48.33529181,48.78574226,49.23227575,49.67880924,50.12534273,50.57187622,51.01840971,51.60987074,52.20133177,52.79279279,53.38425382,53.97571485,..,..
Forest area (% of land area),AG.LND.FRST.ZS,Cote d'Ivoire,CIV,32.47798742,32.52641509,32.57484277,32.62327044,32.67169811,32.72012579,32.71886792,32.71761006,32.7163522,32.71509434,32.71383648,32.71257862,32.71132075,32.71006289,32.70880503,32.70754717,..,..
Forest area (% of land area),AG.LND.FRST.ZS,Croatia,HRV,33.71489894,33.77928814,33.84367734,33.90806654,33.9421015,34.00643317,34.06719085,34.12794853,34.18870622,34.2494639,34.31022159,34.31736955,34.32451751,34.33166548,34.33881344,34.3459614,..,..
Forest area (% of land area),AG.LND.FRST.ZS,Cuba,CUB,22.67225326,23.16014898,23.87254441,24.36278195,24.85292736,25.33821871,25.78220427,26.22134536,26.66290868,27.104472,27.54603533,27.93857556,28.5507614,29.67568605,30.24802923,30.76331475,..,..
Forest area (% of land area),AG.LND.FRST.ZS,Cyprus,CYP,18.57251082,18.5995671,18.62662338,18.6525974,18.67965368,18.70670996,18.70670996,18.70670996,18.70670996,18.70562771,18.70562771,18.70238095,18.6991342,18.6969697,18.69372294,18.69047619,..,..
Forest area (% of land area),AG.LND.FRST.ZS,Czech Republic,CZE,34.12708684,34.1529701,34.17885337,34.20473664,34.23505048,34.2609371,34.29126214,34.3171521,34.34304207,34.36893204,34.39927499,34.42516831,34.45552247,34.48141914,34.51625437,34.54215775,..,..
Forest area (% of land area),AG.LND.FRST.ZS,Denmark,DNK,13.79919868,13.66815932,13.53711996,13.4060806,13.27504124,13.14400189,13.28258308,13.42116427,13.55974546,13.69832666,13.83690785,13.95522036,14.1401847,14.25028398,14.36704368,14.48582651,..,..
Forest area (% of land area),AG.LND.FRST.ZS,Djibouti,DJI,0.241587575,0.241587575,0.241587575,0.241587575,0.241587575,0.241587575,0.241587575,0.241587575,0.241587575,0.241587575,0.241587575,0.241587575,0.241587575,0.241587575,0.241587575,0.241587575,..,..
Forest area (% of land area),AG.LND.FRST.ZS,Dominica,DMA,63.10666667,62.74666667,62.38666667,62.04,61.68,61.32,60.96,60.61333333,60.25333333,59.90666667,59.54666667,59.18666667,58.84,58.48,58.13333333,57.77333333,..,..
Forest area (% of land area),AG.LND.FRST.ZS,Dominican Republic,DOM,30.75967709,31.4469054,32.13413372,32.82136204,33.50859035,34.19581867,34.87890706,35.56199545,36.24508383,36.92817222,37.61126061,38.29848893,38.98571724,39.67294556,40.36017388,41.04740219,..,..
Forest area (% of land area),AG.LND.FRST.ZS,Ecuador,ECU,55.27830569,54.9612659,54.64422612,54.32722661,54.01018683,53.69318731,53.37614753,53.05910775,52.74210823,52.42506845,52.10806893,51.79102915,51.47398937,51.15698985,50.83995007,50.52295056,..,..
Forest area (% of land area),AG.LND.FRST.ZS,"Egypt, Arab Rep.",EGY,0.059269677,0.06087699,0.062484304,0.064091617,0.06569893,0.067306243,0.067908986,0.068511728,0.069114471,0.069717213,0.070319956,0.070922698,0.071525441,0.072128183,0.072730926,0.073333668,..,..
Forest area (% of land area),AG.LND.FRST.ZS,El Salvador,SLV,16.02316602,15.8011583,15.57915058,15.35714286,15.13513514,14.91312741,14.7007722,14.48841699,14.27606178,14.06370656,13.85135135,13.63899614,13.42664093,13.21428571,13.0019305,12.78957529,..,..
Forest area (% of land area),AG.LND.FRST.ZS,Equatorial Guinea,GNQ,62.13903743,61.7254902,61.31194296,60.89839572,60.48484848,60.07130125,59.65062389,59.22994652,58.80926916,58.3885918,57.96791444,57.5543672,57.14081996,56.72727273,56.31372549,55.90017825,..,..
Forest area (% of land area),AG.LND.FRST.ZS,Eritrea,ERI,15.6039604,15.56039604,15.51683168,15.47326733,15.42970297,15.38613861,15.34257426,15.2990099,15.25544554,15.21188119,15.16831683,15.12475248,15.08118812,15.03762376,14.99405941,14.95049505,..,..
Forest area (% of land area),AG.LND.FRST.ZS,Estonia,EST,52.91342298,52.95588582,52.99834867,53.04081151,53.08327436,53.1257372,53.04081151,52.95588582,52.87096013,52.78603444,52.70110875,52.69167256,52.68223638,52.67280019,52.663364,52.65392781,..,..
Forest area (% of land area),AG.LND.FRST.ZS,Ethiopia,ETH,13.705,13.564,13.423,13.282,13.141,13,12.8592,12.7184,12.5776,12.4368,12.296,12.3366,12.3772,12.4178,12.4584,12.499,..,..
Forest area (% of land area),AG.LND.FRST.ZS,Faroe Islands,FRO,0.05730659,0.05730659,0.05730659,0.05730659,0.05730659,0.05730659,0.05730659,0.05730659,0.05730659,0.05730659,0.05730659,0.05730659,0.05730659,0.05730659,0.05730659,0.05730659,..,..
Forest area (% of land area),AG.LND.FRST.ZS,Fiji,FJI,53.66392994,53.84783799,54.03229338,54.21620142,54.40065681,54.58456486,54.53694581,54.48877942,54.44116037,54.39354132,54.34592228,54.61193213,54.87794198,55.14395183,55.40996169,55.67597154,..,..
Forest area (% of land area),AG.LND.FRST.ZS,Finland,FIN,73.68922158,73.49092222,73.29262287,73.09432352,72.89602416,72.69772481,72.86179343,72.91591305,73.01085884,73.06021718,73.10957552,73.11198131,73.11198131,73.11198131,73.11198131,73.11198131,..,..
Forest area (% of land area),AG.LND.FRST.ZS,France,FRA,27.92169725,28.13062146,28.33954566,28.53283735,28.75739407,28.96684729,29.17248798,29.37812867,29.58376936,29.78941005,29.99505074,30.20142195,30.40779316,30.61416437,30.82053558,31.02690679,..,..
Forest area (% of land area),AG.LND.FRST.ZS,French Polynesia,PYF,28.68852459,30.05464481,31.42076503,32.78688525,34.15300546,35.51912568,36.8852459,38.25136612,39.61748634,40.98360656,42.34972678,42.34972678,42.34972678,42.34972678,42.34972678,42.34972678,..,..
Forest area (% of land area),AG.LND.FRST.ZS,Gabon,GAB,85.38052548,85.38052548,85.38052548,85.38052548,85.38052548,85.38052548,85.38052548,85.38052548,85.38052548,85.38052548,85.38052548,86.15671207,86.93289867,87.70908526,88.48527186,89.26145845,..,..
Forest area (% of land area),AG.LND.FRST.ZS,"Gambia, The",GMB,45.55335968,45.75098814,45.9486166,46.14624506,46.34387352,46.54150198,46.71936759,46.8972332,47.07509881,47.25296443,47.43083004,47.58893281,47.74703557,47.90513834,48.06324111,48.22134387,..,..
Forest area (% of land area),AG.LND.FRST.ZS,Georgia,GEO,39.72657936,39.7608289,39.79507843,39.82932796,39.86357749,39.89782703,40.04144481,40.1850626,40.32868039,40.47229817,40.61591596,40.61591596,40.61591596,40.61591596,40.61591596,40.61591596,..,..
Forest area (% of land area),AG.LND.FRST.ZS,Germany,DEU,32.53761284,32.55947263,32.58040475,32.60227631,32.62321874,32.64135795,32.65944024,32.67846388,32.69655509,32.71277359,32.73087185,32.73754877,32.74516555,32.71898647,32.72284322,32.72857552,..,..
Forest area (% of land area),AG.LND.FRST.ZS,Ghana,GHA,39.15355542,39.28012657,39.40669772,39.53326888,39.65984003,39.78641118,39.9112244,40.03603762,40.16085084,40.28566406,40.41047728,40.5352905,40.66010372,40.78491694,40.90973016,41.03454338,..,..
Forest area (% of land area),AG.LND.FRST.ZS,Greece,GRC,27.93638479,28.17067494,28.40496509,28.63925524,28.87354538,29.10783553,29.34212568,29.57641583,29.81070597,30.04499612,30.27928627,30.51357642,30.74786656,30.98215671,31.21644686,31.45073701,..,..
Forest area (% of land area),AG.LND.FRST.ZS,Greenland,GRL,0.000535997,0.000535997,0.000535997,0.000535997,0.000535997,0.000535997,0.000535997,0.000535997,0.000535997,0.000535997,0.000535997,0.000535997,0.000535997,0.000535997,0.000535997,0.000535997,..,..
Forest area (% of land area),AG.LND.FRST.ZS,Grenada,GRD,49.97058824,49.97058824,49.97058824,49.97058824,49.97058824,49.97058824,49.97058824,49.97058824,49.97058824,49.97058824,49.97058824,49.97058824,49.97058824,49.97058824,49.97058824,49.97058824,..,..
Forest area (% of land area),AG.LND.FRST.ZS,Guam,GUM,46.2962963,46.2962963,46.2962963,46.2962963,46.2962963,46.2962963,46.2962963,46.2962963,46.2962963,46.2962963,46.2962963,46.2962963,46.2962963,46.2962963,46.2962963,46.2962963,..,..
Forest area (% of land area),AG.LND.FRST.ZS,Guatemala,GTM,39.26838373,38.76446435,38.26054498,37.75662561,37.25270623,36.74878686,36.34565136,35.94251586,35.53938037,35.13624487,34.73310937,34.39343038,34.0537514,33.71407242,33.37439343,33.03471445,..,..
Forest area (% of land area),AG.LND.FRST.ZS,Guinea,GIN,28.097021,27.95051278,27.80400456,27.65749634,27.51098812,27.3644799,27.21797168,27.07146345,26.92495523,26.77844701,26.63193879,26.48543057,26.33892235,26.19241413,26.04590591,25.89939769,..,..
Forest area (% of land area),AG.LND.FRST.ZS,Guinea-Bissau,GNB,75.39118065,75.04978663,74.7083926,74.36699858,74.02560455,73.68421053,73.32859175,72.97297297,72.6173542,72.26173542,71.90611664,71.55049787,71.19487909,70.83926031,70.48364154,70.12802276,..,..
Forest area (% of land area),AG.LND.FRST.ZS,Guyana,GUY,84.43992888,84.41960884,84.3992888,84.37896876,84.35864872,84.33832868,84.31191262,84.28549657,84.25908052,84.23266447,84.20624841,84.15544831,84.10464821,84.05384811,84.00304801,83.9522479,..,..
Forest area (% of land area),AG.LND.FRST.ZS,Haiti,HTI,3.955007257,3.925979681,3.896952104,3.867924528,3.838896952,3.809869376,3.7808418,3.751814224,3.722786647,3.693759071,3.664731495,3.635703919,3.606676343,3.577648766,3.54862119,3.519593614,..,..
Forest area (% of land area),AG.LND.FRST.ZS,Honduras,HND,57.12753597,56.05505407,54.98257217,53.91009027,52.83760837,51.76512646,50.69264456,49.62016266,48.54768076,47.47519886,46.40271695,45.33023505,44.25775315,43.18527125,42.11278935,41.04030744,..,..
Forest area (% of land area),AG.LND.FRST.ZS,Hungary,HUN,21.39031466,21.53760321,21.68489177,21.83218032,21.97946887,22.12922665,22.26983596,22.41044526,22.55105457,22.46106263,22.60024301,22.6510549,22.70186678,22.75267867,22.80349056,22.85430244,..,..
Forest area (% of land area),AG.LND.FRST.ZS,Iceland,ISL,0.287281796,0.302643392,0.318004988,0.333366584,0.34872818,0.364089776,0.376458853,0.38882793,0.401197007,0.413566085,0.425935162,0.438902743,0.451870324,0.464837905,0.477805486,0.490773067,..,..
Forest area (% of land area),AG.LND.FRST.ZS,India,IND,21.99321268,22.14920674,22.30520081,22.46119488,22.61718895,22.77318301,22.91316734,23.05315167,23.19313599,23.33312032,23.47310465,23.53310754,23.59311043,23.65311332,23.71311622,23.77311911,..,..
Forest area (% of land area),AG.LND.FRST.ZS,Indonesia,IDN,54.87450112,54.70315803,54.53181495,54.36047186,54.18912877,54.01778568,53.63966063,53.26153557,52.88341052,52.50528547,52.12716042,51.74936657,51.37157272,50.99377888,50.61598503,50.23819118,..,..
Forest area (% of land area),AG.LND.FRST.ZS,"Iran, Islamic Rep.",IRN,5.72561949,5.893391292,6.061169233,6.228941035,6.396718976,6.564490778,6.564490778,6.564490778,6.564490778,6.564490778,6.564490778,6.564490778,6.564490778,6.564490778,6.564490778,6.564490778,..,..
Forest area (% of land area),AG.LND.FRST.ZS,Iraq,IRQ,1.870270023,1.873470974,1.876671925,1.879872877,1.883073828,1.886274779,1.886274779,1.886274779,1.886274779,1.89952109,1.89952109,1.89952109,1.89952109,1.89952109,1.89952109,1.89952109,..,..
Forest area (% of land area),AG.LND.FRST.ZS,Ireland,IRL,9.21686747,9.390767891,9.564523153,9.738423574,9.912323995,10.08622442,10.17564233,10.26491508,10.35447815,10.44389607,10.53316882,10.6156191,10.69806939,10.78037451,10.86282479,10.94527508,..,..
Forest area (% of land area),AG.LND.FRST.ZS,Isle of Man,IMN,6.070175439,6.070175439,6.070175439,6.070175439,6.070175439,6.070175439,6.070175439,6.070175439,6.070175439,6.070175439,6.070175439,6.070175439,6.070175439,6.070175439,6.070175439,6.070175439,..,..
Forest area (% of land area),AG.LND.FRST.ZS,Israel,ISR,7.070240296,7.088724584,7.107208872,7.125693161,7.144177449,7.162661738,7.153419593,7.144177449,7.134935305,7.125693161,7.116451017,7.218114603,7.319778189,7.421441774,7.52310536,7.624768946,..,..
Forest area (% of land area),AG.LND.FRST.ZS,Italy,ITA,28.45533984,28.72054673,28.98575363,29.24797715,29.513157,29.77833685,29.96124295,30.14414904,30.32705514,30.50996124,30.69286734,30.87577344,31.05867954,31.24158564,31.42449174,31.60739784,..,..
Forest area (% of land area),AG.LND.FRST.ZS,Jamaica,JAM,31.47737765,31.44598338,31.4145891,31.38319483,31.35180055,31.32040628,31.28162512,31.24284395,31.20406279,31.16528163,31.12650046,31.09141274,31.05632502,31.0212373,30.98614958,30.95106187,..,..
Forest area (% of land area),AG.LND.FRST.ZS,Japan,JPN,68.24691358,68.27928669,68.31165981,68.34403292,68.37640604,68.40877915,68.42578875,68.44279835,68.45980796,68.47681756,68.48443286,68.47910466,68.47377661,68.46938776,68.4649989,68.46061005,..,..
Forest area (% of land area),AG.LND.FRST.ZS,Jordan,JOR,1.10494107,1.10494107,1.10494107,1.10494107,1.10494107,1.10494107,1.10494107,1.10494107,1.10494107,1.09822032,1.09822032,1.09822032,1.09822032,1.09822032,1.09822032,1.09822032,..,..
Forest area (% of land area),AG.LND.FRST.ZS,Kazakhstan,KAZ,1.246434789,1.244360484,1.24228618,1.240211875,1.238137571,1.236063266,1.233988962,1.231914657,1.229840353,1.227766048,1.225691744,1.225691744,1.225691744,1.225691744,1.225691744,1.225691744,..,..
Forest area (% of land area),AG.LND.FRST.ZS,Kenya,KEN,6.24978037,6.42196999,6.594159609,6.766349229,6.938538848,7.110728468,7.175036019,7.239343571,7.303651123,7.367958674,7.432266226,7.496573778,7.56088133,7.625188881,7.689496433,7.753803985,..,..
Forest area (% of land area),AG.LND.FRST.ZS,Kiribati,KIR,15,15,15,15,15,15,15,15,15,15,15,15,15,15,15,15,..,..
Forest area (% of land area),AG.LND.FRST.ZS,"Korea, Dem. People’s Rep.",PRK,57.57827423,56.52520555,55.47213687,54.41906818,53.3659995,52.31293082,51.26152313,50.21011544,49.15870775,48.10730006,47.05589237,46.00116269,44.94643302,43.89170335,42.83697367,41.782244,..,..
Forest area (% of land area),AG.LND.FRST.ZS,"Korea, Rep.",KOR,65.18764255,64.9307422,64.82901126,64.75413223,64.67258831,64.58440888,64.49628406,64.4015683,64.26053798,64.14624099,63.99259488,63.9144297,63.75757576,63.60371822,63.51661879,63.43865408,..,..
Forest area (% of land area),AG.LND.FRST.ZS,Kuwait,KWT,0.272166105,0.280022447,0.287878788,0.295735129,0.30359147,0.311447811,0.319304153,0.327160494,0.335016835,0.342873176,0.350729517,0.350729517,0.350729517,0.350729517,0.350729517,0.350729517,..,..
Forest area (% of land area),AG.LND.FRST.ZS,Kyrgyz Republic,KGZ,4.474973931,4.486444213,4.497914494,4.509384776,4.520855057,4.532325339,4.331803962,4.131282586,3.93076121,3.730239833,3.529718457,3.488008342,3.446298227,3.404588113,3.362877998,3.321167883,..,..
Forest area (% of land area),AG.LND.FRST.ZS,Lao PDR,LAO,71.60307626,71.90090988,72.19878683,72.49662045,72.7944974,73.09233102,73.91195841,74.73158579,75.55121317,76.37084055,77.19046794,78.01009532,78.8297227,79.64935009,80.46897747,81.28860485,..,..
Forest area (% of land area),AG.LND.FRST.ZS,Latvia,LVA,52.10946042,52.2895363,52.46961219,52.64968808,52.82976397,53.00983986,53.19313139,53.37642292,53.55971445,53.756835,53.88817481,53.92926045,53.95303956,53.95079595,53.96590544,53.97233837,..,..
Forest area (% of land area),AG.LND.FRST.ZS,Lebanon,LBN,12.8054741,12.91300098,13.02052786,13.12805474,13.23558162,13.3431085,13.35092864,13.35874878,13.36656891,13.37438905,13.38220919,13.39002933,13.39784946,13.4056696,13.41348974,13.42130987,..,..
Forest area (% of land area),AG.LND.FRST.ZS,Lesotho,LSO,1.383399209,1.389986825,1.39657444,1.403162055,1.409749671,1.416337286,1.422924901,1.429512516,1.436100132,1.442687747,1.449275362,1.482213439,1.515151515,1.548089592,1.581027668,1.613965744,..,..
Forest area (% of land area),AG.LND.FRST.ZS,Liberia,LBR,48.05855482,47.74709302,47.43563123,47.12416944,46.81270764,46.50124585,46.18978405,45.87832226,45.56686047,45.25539867,44.94393688,44.63247508,44.32101329,44.0095515,43.6980897,43.38662791,..,..
Forest area (% of land area),AG.LND.FRST.ZS,Libya,LBY,0.123327688,0.123327688,0.123327688,0.123327688,0.123327688,0.123327688,0.123327688,0.123327688,0.123327688,0.123327688,0.123327688,0.123327688,0.123327688,0.123327688,0.123327688,0.123327688,..,..
Forest area (% of land area),AG.LND.FRST.ZS,Liechtenstein,LIE,43.125,43.125,43.125,43.125,43.125,43.125,43.125,43.125,43.125,43.125,43.125,43.125,43.125,43.125,43.125,43.125,..,..
Forest area (% of land area),AG.LND.FRST.ZS,Lithuania,LTU,32.22718571,32.54945756,32.87172942,33.19400128,33.51627313,33.83854499,33.9948947,34.15124442,34.31033107,34.46669326,34.62305544,34.65551904,34.68743019,34.7187874,34.76456504,34.79648843,..,..
Forest area (% of land area),AG.LND.FRST.ZS,Luxembourg,LUX,33.47490347,33.47490347,33.47490347,33.47490347,33.47490347,33.47490347,33.47490347,33.47490347,33.47490347,33.47490347,33.47490347,33.47490347,33.47490347,33.47490347,33.47490347,33.47490347,..,..
Forest area (% of land area),AG.LND.FRST.ZS,"Macedonia, FYR",MKD,37.6720409,37.80574125,37.9394416,38.07314196,38.20684231,38.34054267,38.52143138,39.00911613,39.19143876,39.38937351,39.57176844,39.57176844,39.57176844,39.57176844,39.57176844,39.57176844,..,..
Forest area (% of land area),AG.LND.FRST.ZS,Madagascar,MDG,22.39398838,22.33036421,22.26674004,22.20311586,22.13949169,22.07586752,21.97785191,21.8798363,21.78182068,21.68380507,21.58578946,21.54882734,21.52132624,21.49364043,21.46613957,21.43863871,..,..
Forest area (% of land area),AG.LND.FRST.ZS,Malawi,MWI,37.83411116,37.48408994,37.13406873,36.78404752,36.4340263,36.08400509,35.73398388,35.38396266,35.03394145,34.68392024,34.33389902,34.14297836,33.9520577,33.76113704,33.57021638,33.37929571,..,..
Forest area (% of land area),AG.LND.FRST.ZS,Malaysia,MYS,65.71602496,65.28930148,64.86257799,64.43585451,64.00913103,63.58240755,64.33358697,65.0847664,65.83594582,66.58712525,67.33830467,67.38152488,67.42474509,67.4679653,67.51118551,67.55440572,..,..
Forest area (% of land area),AG.LND.FRST.ZS,Maldives,MDV,3.333333333,3.333333333,3.333333333,3.333333333,3.333333333,3.333333333,3.333333333,3.333333333,3.333333333,3.333333333,3.333333333,3.333333333,3.333333333,3.333333333,3.333333333,3.333333333,..,..
Forest area (% of land area),AG.LND.FRST.ZS,Mali,MLI,4.835312533,4.770568518,4.705824503,4.641080487,4.576336472,4.511592457,4.446848442,4.382104426,4.317360411,4.252616396,4.187872381,4.123128365,4.05838435,3.993640335,3.928896319,3.864152304,..,..
Forest area (% of land area),AG.LND.FRST.ZS,Malta,MLT,1.09375,1.09375,1.09375,1.09375,1.09375,1.09375,1.09375,1.09375,1.09375,1.09375,1.09375,1.09375,1.09375,1.09375,1.09375,1.09375,..,..
Forest area (% of land area),AG.LND.FRST.ZS,Marshall Islands,MHL,70.22222222,70.22222222,70.22222222,70.22222222,70.22222222,70.22222222,70.22222222,70.22222222,70.22222222,70.22222222,70.22222222,70.22222222,70.22222222,70.22222222,70.22222222,70.22222222,..,..
Forest area (% of land area),AG.LND.FRST.ZS,Mauritania,MRT,0.30755797,0.297855826,0.288153682,0.278451538,0.268749394,0.259047249,0.254196177,0.249345105,0.244494033,0.239642961,0.234791889,0.231396139,0.228000388,0.224604638,0.221208887,0.217813137,..,..
Forest area (% of land area),AG.LND.FRST.ZS,Mauritius,MUS,20.64039409,20.27586207,19.91133005,19.54679803,19.18226601,18.81773399,18.83743842,18.85714286,18.87684729,18.89655172,18.91625616,18.93596059,18.95566502,18.97536946,18.99507389,19.01477833,..,..
Forest area (% of land area),AG.LND.FRST.ZS,Mexico,MEX,34.90624759,34.82671879,34.74719,34.66766121,34.58813241,34.50860362,34.44841688,34.38823015,34.32804342,34.26785668,34.20766995,34.1605494,34.11342884,34.06630829,34.01918774,33.97206718,..,..
Forest area (% of land area),AG.LND.FRST.ZS,"Micronesia, Fed. Sts.",FSM,91.22857143,91.25714286,91.3,91.34285714,91.38571429,91.41428571,91.45714286,91.5,91.52857143,91.57142857,91.61428571,91.65714286,91.68571429,91.72857143,91.77142857,91.81428571,..,..
Forest area (% of land area),AG.LND.FRST.ZS,Moldova,MDA,9.854014599,10.09124088,10.32846715,10.56890782,10.80291971,11.0367893,11.17664944,11.31650958,11.45636972,11.59622986,11.75038052,11.89041096,12.02678028,12.1593674,12.30301186,12.4429571,..,..
Forest area (% of land area),AG.LND.FRST.ZS,Mongolia,MNG,7.542032493,7.489379232,7.436725971,7.38407271,7.33141945,7.278766189,7.501634955,7.72450372,7.947372486,8.170241252,8.393110018,8.330492546,8.267875074,8.205257602,8.14264013,8.080022658,..,..
Forest area (% of land area),AG.LND.FRST.ZS,Montenegro,MNE,46.54275093,46.54275093,46.54275093,46.54275093,46.54275093,46.54275093,49.53159851,52.5204461,55.50929368,58.49814126,61.48698885,61.48698885,61.48698885,61.48698885,61.48698885,61.48698885,..,..
Forest area (% of land area),AG.LND.FRST.ZS,Morocco,MAR,11.18754201,11.37037867,11.55321533,11.73605198,11.91888864,12.1017253,12.22316827,12.34461125,12.46605422,12.5874972,12.70894017,12.69101501,12.67308985,12.65516469,12.63723952,12.61931436,..,..
Forest area (% of land area),AG.LND.FRST.ZS,Mozambique,MOZ,52.37671355,52.09466161,51.81260968,51.53055775,51.24850581,50.96645388,50.6849106,50.40336733,50.12182405,49.84028078,49.55873751,49.29626898,49.03380045,48.77133193,48.5088634,48.24639487,..,..
Forest area (% of land area),AG.LND.FRST.ZS,Myanmar,MMR,53.35251094,52.87908927,52.40566759,51.93224592,51.46827462,50.999449,50.51708571,50.03947852,49.58166873,49.10852595,48.63760218,47.79898667,46.9726709,46.14105469,45.30440375,44.4677528,..,..
Forest area (% of land area),AG.LND.FRST.ZS,Namibia,NAM,9.75597906,9.665852859,9.575726658,9.485600457,9.395474256,9.305348055,9.215221854,9.125095653,9.034969452,8.944843251,8.85471705,8.764590849,8.674464648,8.584338447,8.494212246,8.404086045,..,..
Forest area (% of land area),AG.LND.FRST.ZS,Nepal,NPL,27.20613882,26.83780956,26.46948029,26.10115103,25.73282176,25.3644925,25.3644925,25.3644925,25.3644925,25.3644925,25.3644925,25.3644925,25.3644925,25.3644925,25.3644925,25.3644925,..,..
Forest area (% of land area),AG.LND.FRST.ZS,Netherlands,NLD,10.66350711,10.69312796,10.72274882,10.75236967,10.78199052,10.81161137,10.85900474,10.9063981,10.95379147,11.01096946,11.05840498,11.07947805,11.09727165,11.1249629,11.14277234,11.16058178,..,..
Forest area (% of land area),AG.LND.FRST.ZS,New Caledonia,NCL,45.89715536,45.89715536,45.89715536,45.89715536,45.89715536,45.89715536,45.89715536,45.89715536,45.89715536,45.89715536,45.89715536,45.89715536,45.89715536,45.89715536,45.89715536,45.89715536,..,..
Forest area (% of land area),AG.LND.FRST.ZS,New Zealand,NZL,38.50594356,38.53936425,38.57278493,38.60620561,38.6396263,38.67304698,38.64874103,38.62443508,38.60012913,38.57582317,38.55151722,38.55227678,38.55303634,38.55379591,38.55455547,38.55531503,..,..
Forest area (% of land area),AG.LND.FRST.ZS,Nicaragua,NIC,31.69353498,31.11184976,30.53016453,29.94847931,29.36679408,28.78510886,28.20342363,27.62173841,27.04005318,26.45836796,25.87668273,25.87668273,25.87668273,25.87668273,25.87668273,25.87668273,..,..
Forest area (% of land area),AG.LND.FRST.ZS,Niger,NER,1.048393463,1.038604247,1.028815031,1.019025815,1.009236599,0.999447383,0.989658167,0.979868951,0.970079735,0.960290519,0.950501303,0.940712087,0.93092287,0.921133654,0.911344438,0.901555222,..,..
Forest area (% of land area),AG.LND.FRST.ZS,Nigeria,NGA,14.42405876,13.97432941,13.52460006,13.07487071,12.62514136,12.17541201,11.72568266,11.27595331,10.82622396,10.37649461,9.926765265,9.477035915,9.027306565,8.577577215,8.127847865,7.678118515,..,..
Forest area (% of land area),AG.LND.FRST.ZS,Northern Mariana Islands,MNP,69.47826087,69.13043478,68.7826087,68.41304348,68.06521739,67.69565217,67.34782609,66.97826087,66.63043478,66.26086957,65.91304348,65.54347826,65.19565217,64.84782609,64.47826087,64.13043478,..,..
Forest area (% of land area),AG.LND.FRST.ZS,Norway,NOR,33.16404058,33.15254144,33.14104231,33.12954318,33.11804405,33.10654492,33.1120207,33.11749647,33.12297225,33.12844803,33.1339238,33.13939958,33.14487536,33.15035113,33.15582691,33.16130269,..,..
Forest area (% of land area),AG.LND.FRST.ZS,Oman,OMN,0.006462036,0.006462036,0.006462036,0.006462036,0.006462036,0.006462036,0.006462036,0.006462036,0.006462036,0.006462036,0.006462036,0.006462036,0.006462036,0.006462036,0.006462036,0.006462036,..,..
Forest area (% of land area),AG.LND.FRST.ZS,Pakistan,PAK,2.744914902,2.689393939,2.633872976,2.578352013,2.52283105,2.467310087,2.41152968,2.355749274,2.299968867,2.24418846,2.188408053,2.132627646,2.07684724,2.021066833,1.965286426,1.909506019,..,..
Forest area (% of land area),AG.LND.FRST.ZS,Palau,PLW,86.06521739,86.36956522,86.67391304,87,87.30434783,87.60869565,87.60869565,87.60869565,87.60869565,87.60869565,87.60869565,87.60869565,87.60869565,87.60869565,87.60869565,87.60869565,..,..
Forest area (% of land area),AG.LND.FRST.ZS,Panama,PAN,65.46946462,65.24078558,65.01210654,64.7834275,64.55474845,64.32606941,64.10277105,63.87947269,63.65617433,63.43287598,63.20957762,62.9889696,62.76836158,62.54775356,62.32714555,62.10653753,..,..
Forest area (% of land area),AG.LND.FRST.ZS,Papua New Guinea,PNG,74.19511549,74.18893256,74.18274964,74.17656671,74.17038378,74.16420086,74.15845957,74.15271828,74.14697699,74.1412357,74.13549441,74.12931149,74.12312856,74.11694563,74.11076271,74.10457978,..,..
Forest area (% of land area),AG.LND.FRST.ZS,Paraguay,PRY,48.74905613,48.29952177,47.84998742,47.40045306,46.9509187,46.50138434,45.73370249,44.96602064,44.19833879,43.43065693,42.66297508,41.84394664,41.0249182,40.20588976,39.38686131,38.56783287,..,..
Forest area (% of land area),AG.LND.FRST.ZS,Peru,PER,59.48984375,59.393125,59.29640625,59.1996875,59.10296875,59.00625,58.89421875,58.7821875,58.67015625,58.558125,58.44609375,58.31515625,58.18421875,58.05328125,57.92234375,57.79140625,..,..
Forest area (% of land area),AG.LND.FRST.ZS,Philippines,PHL,23.5670926,23.59861824,23.63014388,23.66166952,23.69319516,23.7247208,23.56776336,23.41080592,23.25384848,23.09689104,22.93993359,23.74484355,24.5497535,25.35466345,26.1595734,26.96448335,..,..
Forest area (% of land area),AG.LND.FRST.ZS,Poland,POL,29.5765451,29.66861471,29.76068432,29.857628,29.94091339,30.03297098,30.11817707,30.20240272,30.28860594,30.37482043,30.45905707,30.53325931,30.60348769,30.67372065,30.74496228,30.81420033,..,..
Forest area (% of land area),AG.LND.FRST.ZS,Portugal,PRT,36.53551913,36.43278689,36.33005464,36.2273224,36.12459016,36.03367224,35.90904122,35.78441019,35.65977916,35.48859046,35.36412272,35.23965498,35.11518725,34.98689956,34.86054255,34.73609519,..,..
Forest area (% of land area),AG.LND.FRST.ZS,Puerto Rico,PRI,50.74295378,51.03156708,51.31905299,51.60766629,51.8951522,52.1837655,52.55693348,52.93010147,53.30214205,53.67531003,54.04847802,54.421646,54.79481398,55.16685457,55.54002255,55.91319053,..,..
Forest area (% of land area),AG.LND.FRST.ZS,Romania,ROU,27.7132036,27.73497018,27.7374168,27.74951076,27.76521739,27.78937299,27.89720845,28.01600766,28.12266203,28.2109015,28.31993045,28.60581309,28.92531084,29.22488371,29.51929764,29.82006259,..,..
Forest area (% of land area),AG.LND.FRST.ZS,Russian Federation,RUS,49.40184991,49.39872189,49.39137192,49.38540918,49.37881343,49.37248915,49.46098302,49.53847356,49.61859989,49.69609455,49.77358921,49.77108446,49.76857971,49.76607496,49.76357021,49.76106545,..,..
Forest area (% of land area),AG.LND.FRST.ZS,Rwanda,RWA,13.94406161,14.27644913,14.60883664,14.94122416,15.27361167,15.60599919,16.10052696,16.59505472,17.08958249,17.58411026,18.07863802,18.35427645,18.62991488,18.9055533,19.18119173,19.45683016,..,..
Forest area (% of land area),AG.LND.FRST.ZS,Samoa,WSM,60.42402827,60.42402827,60.42402827,60.42402827,60.42402827,60.42402827,60.42402827,60.42402827,60.42402827,60.42402827,60.42402827,60.42402827,60.42402827,60.42402827,60.42402827,60.42402827,..,..
Forest area (% of land area),AG.LND.FRST.ZS,Sao Tome and Principe,STP,58.33333333,58.33333333,58.33333333,58.33333333,58.33333333,58.33333333,57.83333333,57.33333333,56.83333333,56.33333333,55.83333333,55.83333333,55.83333333,55.83333333,55.83333333,55.83333333,..,..
Forest area (% of land area),AG.LND.FRST.ZS,Saudi Arabia,SAU,0.454484135,0.454484135,0.454484135,0.454484135,0.454484135,0.454484135,0.454484135,0.454484135,0.454484135,0.454484135,0.454484135,0.454484135,0.454484135,0.454484135,0.454484135,0.454484135,..,..
Forest area (% of land area),AG.LND.FRST.ZS,Senegal,SEN,46.2161741,45.98244429,45.74871449,45.51498468,45.28125487,45.04752506,44.83976523,44.6320054,44.42424557,44.21648574,44.00872591,43.80096608,43.59320625,43.38544642,43.17768659,42.96992676,..,..
Forest area (% of land area),AG.LND.FRST.ZS,Serbia,SRB,28.31008461,28.31008461,28.31008461,28.31008461,28.31008461,28.31008461,28.85204665,29.39400869,29.93597073,30.47793277,31.01989481,31.03590213,31.05190944,31.06791676,31.08392408,31.0999314,..,..
Forest area (% of land area),AG.LND.FRST.ZS,Seychelles,SYC,88.41304348,88.41304348,88.41304348,88.41304348,88.41304348,88.41304348,88.41304348,88.41304348,88.41304348,88.41304348,88.41304348,88.41304348,88.41304348,88.41304348,88.41304348,88.41304348,..,..
Forest area (% of land area),AG.LND.FRST.ZS,Sierra Leone,SLE,40.48212801,40.21058465,39.93904129,39.66749792,39.39595456,39.12441119,38.85286783,38.58132447,38.3097811,38.03823774,37.76669438,38.64782488,39.52895539,40.4100859,41.2912164,42.17234691,..,..
Forest area (% of land area),AG.LND.FRST.ZS,Singapore,SGP,24.40298507,24.40298507,24.22222222,23.79912664,23.73004354,23.73004354,23.55907781,23.52517986,23.35714286,23.35714286,23.29059829,23.22443182,23.15864023,23.12588402,23.0606488,23.0606488,..,..
Forest area (% of land area),AG.LND.FRST.ZS,Slovak Republic,SVK,39.93762994,39.98336798,40.02910603,40.06651424,40.12058212,40.16632017,40.1954262,40.22453222,40.25363825,40.29112082,40.31939448,40.32606887,40.33022792,40.33438696,40.34022377,40.34438298,..,..
Forest area (% of land area),AG.LND.FRST.ZS,Slovenia,SVN,61.22144985,61.32075472,61.42005958,61.51936445,61.61866931,61.71797418,61.75769613,61.79741807,61.83714002,61.87686197,61.91658391,61.9265144,61.93644489,61.94637537,61.95630586,61.96623635,..,..
Forest area (% of land area),AG.LND.FRST.ZS,Solomon Islands,SLB,81.02893891,80.83601286,80.64308682,80.45016077,80.25723473,80.06430868,79.86423723,79.66416577,79.46409432,79.26402287,79.06395141,78.86387996,78.6638085,78.46373705,78.26366559,78.06359414,..,..
Forest area (% of land area),AG.LND.FRST.ZS,Somalia,SOM,11.97915006,11.85672841,11.73430676,11.6118851,11.48946345,11.3670418,11.24462014,11.12219849,10.99977684,10.87735518,10.75493353,10.63251188,10.51009022,10.38766857,10.26524692,10.14282526,..,..
Forest area (% of land area),AG.LND.FRST.ZS,South Africa,ZAF,7.617736524,7.617736524,7.617736524,7.617736524,7.617736524,7.617736524,7.617736524,7.617736524,7.617736524,7.617736524,7.617736524,7.617736524,7.617736524,7.617736524,7.617736524,7.617736524,..,..
Forest area (% of land area),AG.LND.FRST.ZS,Spain,ESP,34.02192385,34.17710423,34.26378647,34.37437151,34.49869786,34.62720151,35.02166419,35.3992707,35.80825982,36.20539045,36.49367013,36.57143714,36.61556146,36.68379281,36.75204414,36.82027548,..,..
Forest area (% of land area),AG.LND.FRST.ZS,Sri Lanka,LKA,34.9545527,34.71854569,34.48253867,34.24653165,34.01052464,33.77451762,33.72667836,33.6788391,33.63099984,33.58316058,33.53532132,33.43007495,33.32482858,33.2195822,33.11433583,33.00908946,..,..
Forest area (% of land area),AG.LND.FRST.ZS,St. Kitts and Nevis,KNA,42.30769231,42.30769231,42.30769231,42.30769231,42.30769231,42.30769231,42.30769231,42.30769231,42.30769231,42.30769231,42.30769231,42.30769231,42.30769231,42.30769231,42.30769231,42.30769231,..,..
Forest area (% of land area),AG.LND.FRST.ZS,St. Lucia,LCA,34.75409836,34.6557377,34.55737705,34.45901639,34.36065574,34.26229508,34.16393443,34.06557377,33.96721311,33.86885246,33.7704918,33.67213115,33.57377049,33.47540984,33.37704918,33.27868852,..,..
Forest area (% of land area),AG.LND.FRST.ZS,St. Martin (French part),MAF,18.38235294,18.38235294,18.38235294,18.38235294,18.38235294,18.38235294,18.38235294,18.38235294,18.38235294,18.38235294,18.38235294,18.38235294,18.38235294,18.38235294,18.38235294,18.38235294,..,..
Forest area (% of land area),AG.LND.FRST.ZS,St. Vincent and the Grenadines,VCT,66.66666667,66.66666667,66.66666667,66.66666667,66.66666667,66.66666667,67.17948718,67.69230769,68.20512821,68.71794872,69.23076923,69.23076923,69.23076923,69.23076923,69.23076923,69.23076923,..,..
Forest area (% of land area),AG.LND.FRST.ZS,Sudan,SDN,12.19829966,12.12489478,12.05148569,11.97808081,11.90467172,11.83126684,11.75785774,11.68445286,11.61104377,11.53763889,11.4642298,8.378619529,8.305210438,8.231805556,8.158396465,8.084991582,..,..
Forest area (% of land area),AG.LND.FRST.ZS,Suriname,SUR,98.66025641,98.63461538,98.60897436,98.58333333,98.55769231,98.53205128,98.50641026,98.48076923,98.45512821,98.42948718,98.40384615,98.37948718,98.35512821,98.33076923,98.30641026,98.28205128,..,..
Forest area (% of land area),AG.LND.FRST.ZS,Swaziland,SWZ,30.11627907,30.38372093,30.65116279,30.91860465,31.18604651,31.45348837,31.70930233,31.96511628,32.22093023,32.47674419,32.73255814,33,33.26744186,33.53488372,33.80232558,34.06976744,..,..
Forest area (% of land area),AG.LND.FRST.ZS,Sweden,SWE,68.63332846,68.6601355,68.68694254,68.71374957,68.74055661,68.76736365,68.69669055,68.62601745,68.55534435,68.48467125,68.41399815,68.41399815,68.91785732,68.91785732,68.92293339,68.92293339,..,..
Forest area (% of land area),AG.LND.FRST.ZS,Switzerland,CHE,30.20949297,30.32664524,30.44380345,30.56096759,30.67813765,30.79609292,30.88797227,30.97985626,31.0709586,31.16206094,31.25316328,31.34932685,31.44549043,31.54165401,31.63781759,31.73398117,..,..
Forest area (% of land area),AG.LND.FRST.ZS,Syrian Arab Republic,SYR,2.350636631,2.382196104,2.413755577,2.447845743,2.479708013,2.51130359,2.543157436,2.57569157,2.608364191,2.641036811,2.673855035,2.673855035,2.673855035,2.673855035,2.673855035,2.673855035,..,..
Forest area (% of land area),AG.LND.FRST.ZS,Tajikistan,TJK,2.929408402,2.929408402,2.929408402,2.929408402,2.929408402,2.929408402,2.929408402,2.929408402,2.929408402,2.929408402,2.929408402,2.932266362,2.935124321,2.937982281,2.965717003,2.968599138,..,..
Forest area (% of land area),AG.LND.FRST.ZS,Tanzania,TZA,58.61368255,58.16211334,57.71054414,57.25897494,56.80740573,56.35583653,55.90426733,55.45269813,55.00112892,54.54955972,54.09799052,53.67803116,53.2580718,52.83811244,52.41815308,51.99819372,..,..
Forest area (% of land area),AG.LND.FRST.ZS,Thailand,THA,33.29679579,32.94016324,32.5835307,32.22689816,31.87026561,31.51363307,31.57196265,31.63029224,31.68862182,31.7469514,31.80528098,31.86400204,31.92272309,31.98144415,32.0401652,32.09888626,..,..
Forest area (% of land area),AG.LND.FRST.ZS,Timor-Leste,TLS,57.43106927,56.67787492,55.92468056,55.17148621,54.41829186,53.66509751,52.91190316,52.15870881,51.40551446,50.65232011,49.89912576,49.14593141,48.39273705,47.6395427,46.88634835,46.133154,..,..
Forest area (% of land area),AG.LND.FRST.ZS,Togo,TGO,8.935466078,8.567751425,8.200036771,7.832322118,7.464607465,7.096892811,6.732855304,6.368817797,6.00478029,5.640742784,5.276705277,4.91266777,4.548630263,4.184592756,3.820555249,3.456517742,..,..
Forest area (% of land area),AG.LND.FRST.ZS,Tonga,TON,12.5,12.5,12.5,12.5,12.5,12.5,12.5,12.5,12.5,12.5,12.5,12.5,12.5,12.5,12.5,12.5,..,..
Forest area (% of land area),AG.LND.FRST.ZS,Trinidad and Tobago,TTO,45.53606238,45.3957115,45.25536062,45.11500975,44.97465887,44.83430799,44.69395712,44.55360624,44.41325536,44.27290448,44.13255361,44.44834308,44.76218324,45.07797271,45.39181287,45.70760234,..,..
Forest area (% of land area),AG.LND.FRST.ZS,Tunisia,TUN,5.387487127,5.487899073,5.58831102,5.688722966,5.789134912,5.889546859,5.986096807,6.082646756,6.179196704,6.275746653,6.372296601,6.437950566,6.503604531,6.569258496,6.634912461,6.700566426,..,..
Forest area (% of land area),AG.LND.FRST.ZS,Turkey,TUR,13.23103309,13.35550849,13.47998389,13.60445929,13.72893468,13.85341008,13.99399712,14.13458415,14.27517119,14.41575822,14.55634526,14.6893962,14.82244715,14.9554981,15.08854904,15.22159999,..,..
Forest area (% of land area),AG.LND.FRST.ZS,Turkmenistan,TKM,8.782159045,8.782159045,8.782159045,8.782159045,8.782159045,8.782159045,8.782159045,8.782159045,8.782159045,8.782159045,8.782159045,8.782159045,8.782159045,8.782159045,8.782159045,8.782159045,..,..
Forest area (% of land area),AG.LND.FRST.ZS,Turks and Caicos Islands,TCA,36.21052632,36.21052632,36.21052632,36.21052632,36.21052632,36.21052632,36.21052632,36.21052632,36.21052632,36.21052632,36.21052632,36.21052632,36.21052632,36.21052632,36.21052632,36.21052632,..,..
Forest area (% of land area),AG.LND.FRST.ZS,Tuvalu,TUV,33.33333333,33.33333333,33.33333333,33.33333333,33.33333333,33.33333333,33.33333333,33.33333333,33.33333333,33.33333333,33.33333333,33.33333333,33.33333333,33.33333333,33.33333333,33.33333333,..,..
Forest area (% of land area),AG.LND.FRST.ZS,Uganda,UGA,19.36339523,18.92297683,18.48255843,18.04214003,17.60172164,17.16130324,16.48466043,15.80801762,15.13137481,14.454732,13.72930381,13.05505685,12.38080989,11.70656294,11.03231598,10.35806902,..,..
Forest area (% of land area),AG.LND.FRST.ZS,Ukraine,UKR,16.41494779,16.43738673,16.46010978,16.48254911,16.50498844,16.52628672,16.51753659,16.50907082,16.50003452,16.49071325,16.48139198,16.5190223,16.55665263,16.59428295,16.6327746,16.67040688,..,..
Forest area (% of land area),AG.LND.FRST.ZS,United Arab Emirates,ARE,3.708133971,3.71291866,3.717703349,3.722488038,3.727272727,3.732057416,3.744736842,3.757416268,3.770095694,3.78277512,3.795454545,3.808133971,3.820813397,3.833492823,3.846172249,3.858851675,..,..
Forest area (% of land area),AG.LND.FRST.ZS,United Kingdom,GBR,12.21014343,12.26553135,12.32091927,12.3763072,12.43169512,12.48708304,12.51849709,12.54991113,12.58132518,12.61273922,12.64415327,12.71442153,12.78468979,12.85495805,12.92522631,12.99549456,..,..
Forest area (% of land area),AG.LND.FRST.ZS,United States,USA,33.13017359,33.15682739,33.18348119,33.21013499,33.2367888,33.2634426,33.34995285,33.4364631,33.57611217,33.66275955,33.74940694,33.77947006,33.80953318,33.8395963,33.86965942,33.89972254,..,..
Forest area (% of land area),AG.LND.FRST.ZS,Uruguay,URY,7.825962747,7.999771455,8.173580162,8.34738887,8.521197577,8.695006285,8.934407496,9.173808708,9.413209919,9.65261113,9.892012341,10.02194035,10.15186836,10.28179637,10.41172437,10.54165238,..,..
Forest area (% of land area),AG.LND.FRST.ZS,Uzbekistan,UZB,7.550540668,7.589562764,7.628584861,7.667606958,7.706629055,7.745651152,7.73648331,7.727315468,7.718147626,7.708979784,7.699811942,7.673671838,7.647531735,7.621391631,7.595251528,7.569111425,..,..
Forest area (% of land area),AG.LND.FRST.ZS,Vanuatu,VUT,36.09515997,36.09515997,36.09515997,36.09515997,36.09515997,36.09515997,36.09515997,36.09515997,36.09515997,36.09515997,36.09515997,36.09515997,36.09515997,36.09515997,36.09515997,36.09515997,..,..
Forest area (% of land area),AG.LND.FRST.ZS,"Venezuela, RB",VEN,55.72359844,55.39753982,55.07148121,54.7454226,54.41936398,54.09330537,54.04614251,53.99897965,53.95181679,53.90465393,53.85749107,53.67110708,53.48472309,53.2983391,53.1119551,52.92557111,..,..
Forest area (% of land area),AG.LND.FRST.ZS,Vietnam,VNM,37.70012216,38.56440258,39.50088553,40.4328055,41.30357661,42.17434773,42.85225917,43.53017061,44.20808205,44.88599349,45.56390492,45.97994001,46.3959751,46.81201019,47.22804528,47.64408037,..,..
Forest area (% of land area),AG.LND.FRST.ZS,Virgin Islands (U.S.),VIR,58.48571429,57.48571429,56.48571429,55.51428571,54.51428571,53.51428571,53.2,52.85714286,52.54285714,52.2,51.88571429,51.57142857,51.25714286,50.91428571,50.6,50.28571429,..,..
Forest area (% of land area),AG.LND.FRST.ZS,West Bank and Gaza,PSE,1.508305648,1.511627907,1.514950166,1.516611296,1.519933555,1.523255814,1.523255814,1.523255814,1.523255814,1.523255814,1.523255814,1.523255814,1.523255814,1.523255814,1.523255814,1.523255814,..,..
Forest area (% of land area),AG.LND.FRST.ZS,"Yemen, Rep.",YEM,1.039831809,1.039831809,1.039831809,1.039831809,1.039831809,1.039831809,1.039831809,1.039831809,1.039831809,1.039831809,1.039831809,1.039831809,1.039831809,1.039831809,1.039831809,1.039831809,..,..
Forest area (% of land area),AG.LND.FRST.ZS,Zambia,ZMB,68.78489084,68.56078236,68.33667389,68.11256541,67.88845693,67.66434846,67.44023998,67.21613151,66.99202303,66.76791455,66.54380608,66.3196976,66.09558913,65.87148065,65.64737217,65.4232637,..,..
Forest area (% of land area),AG.LND.FRST.ZS,Zimbabwe,ZWE,48.84063591,47.99534703,47.15005816,46.30476929,45.45948042,44.61419155,43.76890268,42.9236138,42.07832493,41.23303606,40.38774719,39.58019904,38.7726509,37.96510275,37.15755461,36.35000646,..,..
Forest area (% of land area),AG.LND.FRST.ZS,Arab World,ARB,3.514498043,3.50255369,3.490607869,3.478708742,3.466765308,3.454818252,3.447218566,3.439630514,3.432043536,3.425091571,3.417508461,2.874203607,2.8563223,2.838441627,2.820560539,2.802679869,..,..
Forest area (% of land area),AG.LND.FRST.ZS,Caribbean small states,CSS,85.7122885,85.66787699,85.62344078,85.57905397,85.53461776,85.49020625,85.45192046,85.41365938,85.3753983,85.33713721,85.29885143,85.25461282,85.21037421,85.16616031,85.1219217,85.07768309,..,..
Forest area (% of land area),AG.LND.FRST.ZS,Central Europe and the Baltics,CEB,32.4878545,32.61872181,32.79916176,32.92992869,33.056199,33.19175626,33.2883755,33.38742107,33.48360258,33.54940382,33.64379671,33.7489653,33.86075261,33.96639321,34.07320449,34.17918505,..,..
Forest area (% of land area),AG.LND.FRST.ZS,Early-demographic dividend,EAR,23.05415701,22.98631767,22.91847863,22.85076381,22.78417197,22.71636315,22.63243684,22.54857949,22.464906,22.38073802,22.29696229,22.22245224,22.1480577,22.07361818,21.99991029,21.92542071,..,..
Forest area (% of land area),AG.LND.FRST.ZS,East Asia & Pacific,EAS,25.68218425,25.76417362,25.8470005,25.92980098,26.0122201,26.09456631,26.10796604,26.12142252,26.13507871,26.14856835,26.16197003,26.19668031,26.23144394,26.2661437,26.30087641,26.33562637,..,..
Forest area (% of land area),AG.LND.FRST.ZS,East Asia & Pacific (excluding high income),EAP,28.51314926,28.65303504,28.79394423,28.93475237,29.07491135,29.21496196,29.29141203,29.36797088,29.44500984,29.52168006,29.59840593,29.632745,29.66739961,29.70192543,29.73632075,29.77071544,..,..
Forest area (% of land area),AG.LND.FRST.ZS,East Asia & Pacific (IDA & IBRD countries),TEA,28.29246886,28.44145778,28.59147125,28.74138428,28.89064796,29.03980261,29.12485322,29.21001334,29.29565409,29.38092531,29.46625299,29.5088967,29.5518577,29.59468893,29.63738918,29.68008942,..,..
Forest area (% of land area),AG.LND.FRST.ZS,Euro area,EMU,36.52082712,36.63056499,36.72648468,36.82264497,36.93035697,37.03477983,37.20373935,37.36317009,37.53105857,37.69267988,37.83367391,37.92357363,38.0064364,38.08892238,38.17606801,38.26292547,..,..
Forest area (% of land area),AG.LND.FRST.ZS,Europe & Central Asia,ECS,37.48816515,37.50755818,37.52594754,37.54266839,37.56003784,37.57757569,37.65566683,37.72828947,37.802494,37.87359018,37.94385359,37.96197679,37.98417828,38.00162909,38.0212962,38.03923941,..,..
Forest area (% of land area),AG.LND.FRST.ZS,Europe & Central Asia (excluding high income),ECA,38.46317364,38.47086693,38.47902755,38.48499922,38.49057018,38.49660279,38.56984677,38.6375144,38.70607883,38.77313129,38.84009971,38.84881197,38.85799039,38.86687572,38.87780368,38.88674261,..,..
Forest area (% of land area),AG.LND.FRST.ZS,Europe & Central Asia (IDA & IBRD countries),TEC,38.3447323,38.35354557,38.36281863,38.37002198,38.37659734,38.38377711,38.45716636,38.52505305,38.59385561,38.66117083,38.72836977,38.73797359,38.74796862,38.7576753,38.76940865,38.77915125,..,..
Forest area (% of land area),AG.LND.FRST.ZS,European Union,EUU,36.47796407,36.57694436,36.68165576,36.77211269,36.86837672,36.96534771,37.08886652,37.20708461,37.32974182,37.43944762,37.5452991,37.63363829,37.74818171,37.83232785,37.91975533,38.00687695,..,..
Forest area (% of land area),AG.LND.FRST.ZS,Fragile and conflict affected situations,FCS,26.57762438,26.47083445,26.36404451,26.25757938,26.15102649,26.044336,25.93171966,25.81929137,25.70731456,25.60008624,25.48781767,24.90001681,24.77855218,24.65697424,24.53528271,24.41359182,..,..
Forest area (% of land area),AG.LND.FRST.ZS,Heavily indebted poor countries (HIPC),HPC,30.40744168,30.26917931,30.13091644,29.99265408,29.85439121,29.71612884,29.5590605,29.40199266,29.24492431,29.08785647,28.92974832,28.44183177,28.31658009,28.19132179,28.06607015,27.94081901,..,..
Forest area (% of land area),AG.LND.FRST.ZS,High income,HIC,28.55755095,28.56888369,28.57957466,28.59034184,28.60168872,28.61290769,28.6246107,28.63572083,28.65915525,28.66964219,28.6795851,28.71261899,28.74775326,28.78022007,28.81310478,28.84593465,..,..
Forest area (% of land area),AG.LND.FRST.ZS,IBRD only,IBD,34.00069708,33.9848743,33.96946264,33.9534091,33.93694642,33.92066098,33.91768979,33.91310803,33.90879232,33.90526888,33.90046601,33.89301674,33.88568564,33.87827621,33.87086454,33.86345545,..,..
Forest area (% of land area),AG.LND.FRST.ZS,IDA & IBRD total,IBT,32.01339576,31.96367742,31.91423863,31.86442847,31.81487575,31.76485658,31.72823362,31.69055344,31.65314226,31.61620022,31.57818416,31.46112776,31.41906796,31.37692746,31.33515833,31.29300266,..,..
Forest area (% of land area),AG.LND.FRST.ZS,IDA blend,IDB,22.27801581,22.11130872,21.94460164,21.77793291,21.61118915,21.44444594,21.33637275,21.22830124,21.12022804,21.01215653,20.90422416,20.72216636,20.54007734,20.35795127,20.17593006,19.99387287,..,..
Forest area (% of land area),AG.LND.FRST.ZS,IDA only,IDX,28.08037739,27.94936665,27.8183564,27.68760436,27.55905889,27.42811598,27.29809574,27.16822437,27.03871164,26.90893303,26.77827308,26.30684513,26.18728332,26.06762489,25.94937782,25.82962844,..,..
Forest area (% of land area),AG.LND.FRST.ZS,IDA total,IDA,26.77096402,26.63189772,26.49283179,26.35396658,26.21670612,26.07767874,25.95262036,25.82767196,25.70298715,25.57810705,25.45261659,25.0465074,24.91282615,24.77906352,24.64636744,24.5125558,..,..
Forest area (% of land area),AG.LND.FRST.ZS,Late-demographic dividend,LTE,38.71115911,38.70928467,38.7065325,38.70422314,38.70123065,38.69847478,38.74309568,38.78477507,38.82696458,38.86829863,38.90968009,38.93009349,38.95068093,38.97109217,38.99152046,39.01195926,..,..
Forest area (% of land area),AG.LND.FRST.ZS,Latin America & Caribbean,LCN,48.88271668,48.64529293,48.41030825,48.1728495,47.93538948,47.69788311,47.52017639,47.34242175,47.16469232,46.98696139,46.80923146,46.69964858,46.59201611,46.48858942,46.38044308,46.27183325,..,..
Forest area (% of land area),AG.LND.FRST.ZS,Latin America & Caribbean (excluding high income),LAC,50.33438221,50.08135458,49.83096246,49.57789654,49.32482983,49.07171252,48.88090291,48.69004262,48.49920898,48.3083743,48.11753961,47.98530622,47.85517723,47.72957928,47.59889322,47.46770668,..,..
Forest area (% of land area),AG.LND.FRST.ZS,Latin America & the Caribbean (IDA & IBRD countries),TLA,49.02377326,48.78207351,48.54037375,48.298675,48.05697524,47.81527599,47.63388517,47.45249485,47.27110554,47.08971523,46.90832491,46.79617912,46.68403383,46.57188905,46.45974376,46.34759847,..,..
Forest area (% of land area),AG.LND.FRST.ZS,Least developed countries: UN classification,LDC,29.02928212,28.89704062,28.76479912,28.63255761,28.50286779,28.37069898,28.24240953,28.11420525,27.98636294,27.85824177,27.72918366,27.25097166,27.12872023,27.00636701,26.88392574,26.76148447,..,..
Forest area (% of land area),AG.LND.FRST.ZS,Low & middle income,LMY,32.16803073,32.1158843,32.06436381,32.01210294,31.96016786,31.90770498,31.86869511,31.82860795,31.78879068,31.74944975,31.70902483,31.58606671,31.53923426,31.49292338,31.44630984,31.39924389,..,..
Forest area (% of land area),AG.LND.FRST.ZS,Low income,LIC,29.82322056,29.6566741,29.49012764,29.32358118,29.15703472,28.99048826,28.81818748,28.6458867,28.47358592,28.30128513,28.12749193,27.9817782,27.83660046,27.69141236,27.54623466,27.40105697,..,..
Forest area (% of land area),AG.LND.FRST.ZS,Lower middle income,LMC,26.98009198,26.91650711,26.8535957,26.79083134,26.72937216,26.66582543,26.5875086,26.50933023,26.43143713,26.35268945,26.27464876,25.86761197,25.76997992,25.67225846,25.57582243,25.47803974,..,..
Forest area (% of land area),AG.LND.FRST.ZS,Middle East & North Africa,MEA,1.824069765,1.857235139,1.890400513,1.923595806,1.956763452,1.989927616,2.003556458,2.017193224,2.030830858,2.044927881,2.058572712,2.059795517,2.061019577,2.062243297,2.06346754,2.064691259,..,..
Forest area (% of land area),AG.LND.FRST.ZS,Middle East & North Africa (excluding high income),MNA,2.204184666,2.247195145,2.290206781,2.33326739,2.376285469,2.419296993,2.436897472,2.454511904,2.472129156,2.490469594,2.508094866,2.509307649,2.510520432,2.511733215,2.512945708,2.514158491,..,..
Forest area (% of land area),AG.LND.FRST.ZS,Middle East & North Africa (IDA & IBRD countries),TMN,2.204669643,2.247707782,2.290747078,2.333836552,2.376882299,2.419921484,2.437534225,2.455160933,2.472790462,2.491143879,2.508781438,2.509995067,2.511208696,2.512422324,2.513635662,2.514849291,..,..
Forest area (% of land area),AG.LND.FRST.ZS,Middle income,MIC,32.55483542,32.52159365,32.48909044,32.45571493,32.4227044,32.38909103,32.37210075,32.35383793,32.33589477,32.31851654,32.30013657,32.18101939,32.15041191,32.12042582,32.09007924,32.05919564,..,..
Forest area (% of land area),AG.LND.FRST.ZS,North America,NAC,35.67909472,35.68999555,35.70089639,35.71179722,35.72269806,35.7335989,35.77401416,35.81442942,35.88334618,35.92379357,35.96424096,35.97676221,35.98928347,36.00180473,36.01432598,36.02684724,..,..
Forest area (% of land area),AG.LND.FRST.ZS,OECD members,OED,31.0803963,31.08859444,31.0960877,31.10368043,31.11190568,31.11998732,31.12998258,31.13932831,31.1622981,31.17094408,31.17899124,31.21203224,31.24739357,31.27980402,31.31265473,31.34546424,..,..
Forest area (% of land area),AG.LND.FRST.ZS,Other small states,OSS,26.89049668,26.78849557,26.68648955,26.58435272,26.50416513,26.40195048,26.31628451,26.23048937,26.14469508,26.05902995,25.97334417,25.97791407,25.9825194,25.98715817,25.99178415,25.99641308,..,..
Forest area (% of land area),AG.LND.FRST.ZS,Pacific island small states,PSS,62.26915888,62.23987539,62.21090343,62.18193146,62.1529595,62.12367601,62.02336449,61.9228972,61.82242991,61.72211838,61.62180685,61.61074766,61.59953271,61.58847352,61.57741433,61.56635514,..,..
Forest area (% of land area),AG.LND.FRST.ZS,Post-demographic dividend,PST,31.39112843,31.40443963,31.41982183,31.43243345,31.44582379,31.45903753,31.4705753,31.48147946,31.50739441,31.51757047,31.52697957,31.55535723,31.58721072,31.61765743,31.64657698,31.67522892,..,..
Forest area (% of land area),AG.LND.FRST.ZS,Pre-demographic dividend,PRE,28.28585696,28.15600469,28.02615193,27.89629967,27.7664469,27.63659464,27.49667623,27.35675832,27.21683991,27.08101753,26.94012939,26.45341857,26.32196056,26.19049655,26.05903856,25.92758108,..,..
Forest area (% of land area),AG.LND.FRST.ZS,Small states,SST,37.31886106,37.22804723,37.13723339,37.04627945,36.98019937,36.88917754,36.81080902,36.73229354,36.6537787,36.5754148,36.4970217,36.49326434,36.48954019,36.48586383,36.48216888,36.47848053,..,..
Forest area (% of land area),AG.LND.FRST.ZS,South Asia,SAS,16.55535211,16.6309252,16.70649828,16.78207137,16.86359038,16.93919013,17.01831072,17.09742921,17.17654981,17.2556704,17.33479099,17.36332034,17.3918497,17.42037905,17.4489084,17.47743566,..,..
Forest area (% of land area),AG.LND.FRST.ZS,South Asia (IDA & IBRD),TSA,16.55535211,16.6309252,16.70649828,16.78207137,16.86359038,16.93919013,17.01831072,17.09742921,17.17654981,17.2556704,17.33479099,17.36332034,17.3918497,17.42037905,17.4489084,17.47743566,..,..
Forest area (% of land area),AG.LND.FRST.ZS,Sub-Saharan Africa,SSF,28.02497617,27.88828664,27.75159669,27.61490717,27.47821722,27.34152769,27.19646679,27.05140631,26.90634541,26.76128494,26.61542391,26.19160538,26.07110122,25.95059158,25.83008702,25.7095829,..,..
Forest area (% of land area),AG.LND.FRST.ZS,Sub-Saharan Africa (excluding high income),SSA,28.02379996,27.88710777,27.75041516,27.61372297,27.47703036,27.34033817,27.19527444,27.05021114,26.90514741,26.76008411,26.61422028,26.1903935,26.069887,25.94937501,25.82886811,25.70836164,..,..
Forest area (% of land area),AG.LND.FRST.ZS,Sub-Saharan Africa (IDA & IBRD countries),TSS,28.02497617,27.88828664,27.75159669,27.61490717,27.47821722,27.34152769,27.19646679,27.05140631,26.90634541,26.76128494,26.61542391,26.19160538,26.07110122,25.95059158,25.83008702,25.7095829,..,..
Forest area (% of land area),AG.LND.FRST.ZS,Upper middle income,UMC,34.77235547,34.7512212,34.73084457,34.70908833,34.68720308,34.66549235,34.67305261,34.67863788,34.68455379,34.69176506,34.69710495,34.69250289,34.68856823,34.68561974,34.68143523,34.67716393,..,..
Forest area (% of land area),AG.LND.FRST.ZS,World,WLD,31.25372086,31.21875827,31.18405219,31.14891608,31.1140257,31.07880733,31.05347584,31.02720573,31.00472307,30.97880002,30.95194753,30.92641109,30.90160105,30.87609788,30.85060099,30.82510411,..,..
,,,,,,,,,,,,,,,,,,,,,
,,,,,,,,,,,,,,,,,,,,,
,,,,,,,,,,,,,,,,,,,,,
Data from database: World Development Indicators,,,,,,,,,,,,,,,,,,,,,
Last Updated: 11/21/2017,,,,,,,,,,,,,,,,,,,,,